{
  "get pokemon : ditto" : {
    "transaction" : "get pokemon : ditto",
    "sampleCount" : 189,
    "errorCount" : 0,
    "errorPct" : 0.0,
    "meanResTime" : 70.85714285714288,
    "medianResTime" : 42.0,
    "minResTime" : 21.0,
    "maxResTime" : 2046.0,
    "pct1ResTime" : 93.0,
    "pct2ResTime" : 138.0,
    "pct3ResTime" : 1604.0999999999972,
    "throughput" : 6.312203593614321,
    "receivedKBytesPerSec" : 149.18298423827733,
    "sentKBytesPerSec" : 0.832175278455013
  },
  "get pokemon : eevee" : {
    "transaction" : "get pokemon : eevee",
    "sampleCount" : 189,
    "errorCount" : 0,
    "errorPct" : 0.0,
    "meanResTime" : 93.7989417989418,
    "medianResTime" : 68.0,
    "minResTime" : 32.0,
    "maxResTime" : 2175.0,
    "pct1ResTime" : 145.0,
    "pct2ResTime" : 185.5,
    "pct3ResTime" : 473.0999999999892,
    "throughput" : 6.306095892696273,
    "receivedKBytesPerSec" : 1215.0511770753394,
    "sentKBytesPerSec" : 0.8313700639785125
  },
  "get pokemons by ability : flash-fire" : {
    "transaction" : "get pokemons by ability : flash-fire",
    "sampleCount" : 106,
    "errorCount" : 0,
    "errorPct" : 0.0,
    "meanResTime" : 46.566037735849044,
    "medianResTime" : 38.0,
    "minResTime" : 23.0,
    "maxResTime" : 211.0,
    "pct1ResTime" : 71.6,
    "pct2ResTime" : 89.09999999999988,
    "pct3ResTime" : 210.71999999999997,
    "throughput" : 3.8514642831189594,
    "receivedKBytesPerSec" : 94.91682222403895,
    "sentKBytesPerSec" : 0.5265673824576702
  },
  "get pokemons by ability : limber" : {
    "transaction" : "get pokemons by ability : limber",
    "sampleCount" : 88,
    "errorCount" : 0,
    "errorPct" : 0.0,
    "meanResTime" : 50.13636363636364,
    "medianResTime" : 41.5,
    "minResTime" : 22.0,
    "maxResTime" : 208.0,
    "pct1ResTime" : 80.20000000000002,
    "pct2ResTime" : 135.9999999999999,
    "pct3ResTime" : 208.0,
    "throughput" : 3.1680887064837817,
    "receivedKBytesPerSec" : 62.224543068455915,
    "sentKBytesPerSec" : 0.42076178132987724
  },
  "get pokemons by ability : cute-charm" : {
    "transaction" : "get pokemons by ability : cute-charm",
    "sampleCount" : 60,
    "errorCount" : 0,
    "errorPct" : 0.0,
    "meanResTime" : 46.349999999999994,
    "medianResTime" : 41.0,
    "minResTime" : 25.0,
    "maxResTime" : 122.0,
    "pct1ResTime" : 74.6,
    "pct2ResTime" : 98.85,
    "pct3ResTime" : 122.0,
    "throughput" : 2.2090497404366554,
    "receivedKBytesPerSec" : 46.17126089567763,
    "sentKBytesPerSec" : 0.30201851920032396
  },
  "get pokemons by ability : skill-link" : {
    "transaction" : "get pokemons by ability : skill-link",
    "sampleCount" : 68,
    "errorCount" : 0,
    "errorPct" : 0.0,
    "meanResTime" : 69.41176470588235,
    "medianResTime" : 38.5,
    "minResTime" : 22.0,
    "maxResTime" : 1593.0,
    "pct1ResTime" : 83.0,
    "pct2ResTime" : 109.29999999999993,
    "pct3ResTime" : 1593.0,
    "throughput" : 2.5053422739665465,
    "receivedKBytesPerSec" : 49.28729862850932,
    "sentKBytesPerSec" : 0.34252726401886374
  },
  "get pokemon : vulpix" : {
    "transaction" : "get pokemon : vulpix",
    "sampleCount" : 188,
    "errorCount" : 0,
    "errorPct" : 0.0,
    "meanResTime" : 115.0797872340426,
    "medianResTime" : 91.5,
    "minResTime" : 35.0,
    "maxResTime" : 2185.0,
    "pct1ResTime" : 166.59999999999997,
    "pct2ResTime" : 226.09999999999997,
    "pct3ResTime" : 584.7799999999734,
    "throughput" : 6.28174284950548,
    "receivedKBytesPerSec" : 1368.8633971531676,
    "sentKBytesPerSec" : 0.8342939721999465
  },
  "Total" : {
    "transaction" : "Total",
    "sampleCount" : 1879,
    "errorCount" : 0,
    "errorPct" : 0.0,
    "meanResTime" : 78.78818520489666,
    "medianResTime" : 52.0,
    "minResTime" : 20.0,
    "maxResTime" : 2185.0,
    "pct1ResTime" : 140.0,
    "pct2ResTime" : 184.0,
    "pct3ResTime" : 278.60000000000014,
    "throughput" : 62.693937472890454,
    "receivedKBytesPerSec" : 5719.522621867805,
    "sentKBytesPerSec" : 8.433347548463514
  },
  "get pokemons by ability : cursed-body" : {
    "transaction" : "get pokemons by ability : cursed-body",
    "sampleCount" : 187,
    "errorCount" : 0,
    "errorPct" : 0.0,
    "meanResTime" : 54.117647058823515,
    "medianResTime" : 38.0,
    "minResTime" : 21.0,
    "maxResTime" : 1534.0,
    "pct1ResTime" : 74.0,
    "pct2ResTime" : 108.6,
    "pct3ResTime" : 390.0000000000059,
    "throughput" : 6.774380524561658,
    "receivedKBytesPerSec" : 128.9557786009274,
    "sentKBytesPerSec" : 0.9328004433234314
  },
  "get pokemons by ability : anticipation" : {
    "transaction" : "get pokemons by ability : anticipation",
    "sampleCount" : 57,
    "errorCount" : 0,
    "errorPct" : 0.0,
    "meanResTime" : 47.54385964912281,
    "medianResTime" : 37.0,
    "minResTime" : 22.0,
    "maxResTime" : 255.0,
    "pct1ResTime" : 65.60000000000001,
    "pct2ResTime" : 147.69999999999962,
    "pct3ResTime" : 255.0,
    "throughput" : 2.1033986493966563,
    "receivedKBytesPerSec" : 42.719483133602715,
    "sentKBytesPerSec" : 0.291682234584302
  },
  "get pokemon : gengar" : {
    "transaction" : "get pokemon : gengar",
    "sampleCount" : 188,
    "errorCount" : 0,
    "errorPct" : 0.0,
    "meanResTime" : 147.0265957446809,
    "medianResTime" : 132.5,
    "minResTime" : 42.0,
    "maxResTime" : 2184.0,
    "pct1ResTime" : 231.69999999999996,
    "pct2ResTime" : 269.0,
    "pct3ResTime" : 539.2799999999727,
    "throughput" : 6.281532961341842,
    "receivedKBytesPerSec" : 1737.9714347392999,
    "sentKBytesPerSec" : 0.8342660964282135
  },
  "get pokemons by ability : adaptability" : {
    "transaction" : "get pokemons by ability : adaptability",
    "sampleCount" : 72,
    "errorCount" : 0,
    "errorPct" : 0.0,
    "meanResTime" : 49.56944444444443,
    "medianResTime" : 36.0,
    "minResTime" : 21.0,
    "maxResTime" : 199.0,
    "pct1ResTime" : 92.50000000000001,
    "pct2ResTime" : 103.0,
    "pct3ResTime" : 199.0,
    "throughput" : 2.5993718184772012,
    "receivedKBytesPerSec" : 51.99617991624246,
    "sentKBytesPerSec" : 0.36045976389039314
  },
  "get pokemons by ability : run-away" : {
    "transaction" : "get pokemons by ability : run-away",
    "sampleCount" : 59,
    "errorCount" : 0,
    "errorPct" : 0.0,
    "meanResTime" : 76.01694915254238,
    "medianResTime" : 36.0,
    "minResTime" : 20.0,
    "maxResTime" : 1650.0,
    "pct1ResTime" : 112.0,
    "pct2ResTime" : 159.0,
    "pct3ResTime" : 1650.0,
    "throughput" : 2.1792125286252495,
    "receivedKBytesPerSec" : 46.97379606587501,
    "sentKBytesPerSec" : 0.2936829384280121
  },
  "get pokemons by ability : drought" : {
    "transaction" : "get pokemons by ability : drought",
    "sampleCount" : 81,
    "errorCount" : 0,
    "errorPct" : 0.0,
    "meanResTime" : 62.987654320987644,
    "medianResTime" : 37.0,
    "minResTime" : 22.0,
    "maxResTime" : 1520.0,
    "pct1ResTime" : 85.0,
    "pct2ResTime" : 102.0,
    "pct3ResTime" : 1520.0,
    "throughput" : 2.970841738492573,
    "receivedKBytesPerSec" : 56.92394094993581,
    "sentKBytesPerSec" : 0.39746613102879147
  },
  "get pokemons by ability : imposter" : {
    "transaction" : "get pokemons by ability : imposter",
    "sampleCount" : 100,
    "errorCount" : 0,
    "errorPct" : 0.0,
    "meanResTime" : 48.139999999999986,
    "medianResTime" : 41.0,
    "minResTime" : 21.0,
    "maxResTime" : 205.0,
    "pct1ResTime" : 80.70000000000002,
    "pct2ResTime" : 117.1499999999998,
    "pct3ResTime" : 204.17999999999958,
    "throughput" : 3.6879955744053103,
    "receivedKBytesPerSec" : 60.731490872210955,
    "sentKBytesPerSec" : 0.4970150285819657
  },
  "get pokemon : minccino" : {
    "transaction" : "get pokemon : minccino",
    "sampleCount" : 188,
    "errorCount" : 0,
    "errorPct" : 0.0,
    "meanResTime" : 89.7340425531915,
    "medianResTime" : 70.0,
    "minResTime" : 28.0,
    "maxResTime" : 2124.0,
    "pct1ResTime" : 126.0,